"07681","C:\Users\TomCrane\Dropbox\personal\Lambeth Archives\220825_Exhibition Lambeth Archives 2208\Exhibition Layouts 220823 Folder\Links\07681.jpg","TOWER BLOCKS, DULWICH ROAD, HERNE HILL","https://boroughphotos.org/lambeth//?p=39591","C:\Users\TomCrane\Dropbox\personal\Lambeth Archives\220825_Exhibition Lambeth Archives 2208\Exhibition Layouts 220825 Links\07681_DSC_0089.JPG"
"08951","C:\Users\TomCrane\Dropbox\personal\Lambeth Archives\220825_Exhibition Lambeth Archives 2208\Exhibition Layouts 220823 Folder\Links\08951.jpg","LOUGHBOROUGH PARK, LOUGHBOROUGH JUNCTION","https://boroughphotos.org/lambeth//?p=40859","C:\Users\TomCrane\Dropbox\personal\Lambeth Archives\220825_Exhibition Lambeth Archives 2208\Exhibition Layouts 220825 Links\08951_IMG_2814A.jpg"
"09414","C:\Users\TomCrane\Dropbox\personal\Lambeth Archives\220825_Exhibition Lambeth Archives 2208\Exhibition Layouts 220823 Folder\Links\09414.jpg","STOCKWELL PARK ESTATE, STOCKWELL ROAD, BRIXTON","https://boroughphotos.org/lambeth//?p=41321","C:\Users\TomCrane\Dropbox\personal\Lambeth Archives\220825_Exhibition Lambeth Archives 2208\Exhibition Layouts 220825 Links\09414_IMG_2826A.jpg"
"09415","C:\Users\TomCrane\Dropbox\personal\Lambeth Archives\220825_Exhibition Lambeth Archives 2208\Exhibition Layouts 220823 Folder\Links\09415.jpg","STOCKWELL PARK ESTATE, STOCKWELL ROAD, BRIXTON","https://boroughphotos.org/lambeth//?p=41322","C:\Users\TomCrane\Dropbox\personal\Lambeth Archives\220825_Exhibition Lambeth Archives 2208\Exhibition Layouts 220825 Links\09415_DSC_0043.JPG"
"09417","C:\Users\TomCrane\Dropbox\personal\Lambeth Archives\220825_Exhibition Lambeth Archives 2208\Exhibition Layouts 220823 Folder\Links\09417.jpg","STOCKWELL PARK ESTATE, STOCKWELL","https://boroughphotos.org/lambeth//?p=41324","C:\Users\TomCrane\Dropbox\personal\Lambeth Archives\220825_Exhibition Lambeth Archives 2208\Exhibition Layouts 220825 Links\09417_DSC_0046.JPG"
"09420","C:\Users\TomCrane\Dropbox\personal\Lambeth Archives\220825_Exhibition Lambeth Archives 2208\Exhibition Layouts 220823 Folder\Links\09420.jpg","RHODESIA ROAD, STOCKWELL","https://boroughphotos.org/lambeth//?p=41327","C:\Users\TomCrane\Dropbox\personal\Lambeth Archives\220825_Exhibition Lambeth Archives 2208\Exhibition Layouts 220825 Links\09420_DSC_0030A.jpg"
"09597","C:\Users\TomCrane\Dropbox\personal\Lambeth Archives\220825_Exhibition Lambeth Archives 2208\Exhibition Layouts 220823 Folder\Links\09597.jpg","HEALTH CLINIC, CLAPHAM MANOR STREET, CLAPHAM","https://boroughphotos.org/lambeth//?p=41503","C:\Users\TomCrane\Dropbox\personal\Lambeth Archives\220825_Exhibition Lambeth Archives 2208\Exhibition Layouts 220825 Links\09597_DSC_0024.JPG"
"09598","C:\Users\TomCrane\Dropbox\personal\Lambeth Archives\220825_Exhibition Lambeth Archives 2208\Exhibition Layouts 220823 Folder\Links\09598.jpg","BELMONT CLOSE, CLAPHAM","https://boroughphotos.org/lambeth//?p=41504","C:\Users\TomCrane\Dropbox\personal\Lambeth Archives\220825_Exhibition Lambeth Archives 2208\Exhibition Layouts 220825 Links\09598_DSC_0015A.jpg"
"09602","C:\Users\TomCrane\Dropbox\personal\Lambeth Archives\220825_Exhibition Lambeth Archives 2208\Exhibition Layouts 220823 Folder\Links\09602.jpg","PLAY AREA, AYTOUN ROAD, STOCKWELL PARK ESTATE, STOCKWELL","https://boroughphotos.org/lambeth//?p=41508","C:\Users\TomCrane\Dropbox\personal\Lambeth Archives\220825_Exhibition Lambeth Archives 2208\Exhibition Layouts 220825 Links\09602_DSC_0042_1.JPG"
"09607","C:\Users\TomCrane\Dropbox\personal\Lambeth Archives\220825_Exhibition Lambeth Archives 2208\Exhibition Layouts 220823 Folder\Links\09607.jpg","UPGROVE MANOR WAY, CRESSINGHAM GARDENS ESTATE, TULSE HILL","https://boroughphotos.org/lambeth//?p=41513","C:\Users\TomCrane\Dropbox\personal\Lambeth Archives\220825_Exhibition Lambeth Archives 2208\Exhibition Layouts 220825 Links\09607_DSC_0066.JPG"
"09608","C:\Users\TomCrane\Dropbox\personal\Lambeth Archives\220825_Exhibition Lambeth Archives 2208\Exhibition Layouts 220823 Folder\Links\09608.jpg","HARDEL WALK, CRESSINGHAM GARDENS ESTATE, TULSE HILL","https://boroughphotos.org/lambeth//?p=41514","C:\Users\TomCrane\Dropbox\personal\Lambeth Archives\220825_Exhibition Lambeth Archives 2208\Exhibition Layouts 220825 Links\09608_DSC_0075A.jpg"
"10516","C:\Users\TomCrane\Dropbox\personal\Lambeth Archives\220825_Exhibition Lambeth Archives 2208\Exhibition Layouts 220823 Folder\Links\10516.jpg","CENTRAL HILL ESTATE, UPPER NORWOOD","https://boroughphotos.org/lambeth//?p=42421","C:\Users\TomCrane\Dropbox\personal\Lambeth Archives\220825_Exhibition Lambeth Archives 2208\Exhibition Layouts 220825 Links\10516_DSC_0011A.jpg"
"10773","C:\Users\TomCrane\Dropbox\personal\Lambeth Archives\220825_Exhibition Lambeth Archives 2208\Exhibition Layouts 220823 Folder\Links\10773.jpg","CENTRAL HILL ESTATE, UPPER NORWOOD","https://boroughphotos.org/lambeth//?p=42677","C:\Users\TomCrane\Dropbox\personal\Lambeth Archives\220825_Exhibition Lambeth Archives 2208\Exhibition Layouts 220825 Links\10773_DSC_0009_1A.jpg"
"10774","C:\Users\TomCrane\Dropbox\personal\Lambeth Archives\220825_Exhibition Lambeth Archives 2208\Exhibition Layouts 220823 Folder\Links\10774.jpg","CENTRAL HILL ESTATE, UPPER NORWOOD","https://boroughphotos.org/lambeth//?p=42678","C:\Users\TomCrane\Dropbox\personal\Lambeth Archives\220825_Exhibition Lambeth Archives 2208\Exhibition Layouts 220825 Links\10774_DSC_0002A.jpg"
"10777","C:\Users\TomCrane\Dropbox\personal\Lambeth Archives\220825_Exhibition Lambeth Archives 2208\Exhibition Layouts 220823 Folder\Links\10777.jpg","NURSES’ HOSTEL, CENTRAL HILL ESTATE, UPPER NORWOOD","https://boroughphotos.org/lambeth//?p=42681","C:\Users\TomCrane\Dropbox\personal\Lambeth Archives\220825_Exhibition Lambeth Archives 2208\Exhibition Layouts 220825 Links\10777_DSC_0019_1A.jpg"
"10786","C:\Users\TomCrane\Dropbox\personal\Lambeth Archives\220825_Exhibition Lambeth Archives 2208\Exhibition Layouts 220823 Folder\Links\10786.jpg","HICKMORE WALK, CLAPHAM MANOR ESTATE, CLAPHAM","https://boroughphotos.org/lambeth//?p=42690","C:\Users\TomCrane\Dropbox\personal\Lambeth Archives\220825_Exhibition Lambeth Archives 2208\Exhibition Layouts 220825 Links\10786_DSC_0019.JPG"
"10789","C:\Users\TomCrane\Dropbox\personal\Lambeth Archives\220825_Exhibition Lambeth Archives 2208\Exhibition Layouts 220823 Folder\Links\10789.jpg","CLAPHAM MANOR ESTATE PLAYGROUND, CLAPHAM","https://boroughphotos.org/lambeth//?p=42693","C:\Users\TomCrane\Dropbox\personal\Lambeth Archives\220825_Exhibition Lambeth Archives 2208\Exhibition Layouts 220825 Links\10789_DSC_0031A.jpg"
"10790","C:\Users\TomCrane\Dropbox\personal\Lambeth Archives\220825_Exhibition Lambeth Archives 2208\Exhibition Layouts 220823 Folder\Links\10790.jpg","BELMONT CLOSE, CLAPHAM","https://boroughphotos.org/lambeth//?p=42694","C:\Users\TomCrane\Dropbox\personal\Lambeth Archives\220825_Exhibition Lambeth Archives 2208\Exhibition Layouts 220825 Links\10790_DSC_0009.JPG"
"10798","C:\Users\TomCrane\Dropbox\personal\Lambeth Archives\220825_Exhibition Lambeth Archives 2208\Exhibition Layouts 220823 Folder\Links\10798.jpg","HOLLAND RISE, CLAPHAM ROAD","https://boroughphotos.org/lambeth//?p=42702","C:\Users\TomCrane\Dropbox\personal\Lambeth Archives\220825_Exhibition Lambeth Archives 2208\Exhibition Layouts 220825 Links\10798_DSC_0067A.jpg"
"10799","C:\Users\TomCrane\Dropbox\personal\Lambeth Archives\220825_Exhibition Lambeth Archives 2208\Exhibition Layouts 220823 Folder\Links\10799.jpg","HOLLAND RISE, CLAPHAM ROAD","https://boroughphotos.org/lambeth//?p=42703","C:\Users\TomCrane\Dropbox\personal\Lambeth Archives\220825_Exhibition Lambeth Archives 2208\Exhibition Layouts 220825 Links\10799_DSC_0061B.jpg"
"10808","C:\Users\TomCrane\Dropbox\personal\Lambeth Archives\220825_Exhibition Lambeth Archives 2208\Exhibition Layouts 220823 Folder\Links\10808.jpg","CLARENCE AVENUE, CLAPHAM PARK","https://boroughphotos.org/lambeth//?p=42712","C:\Users\TomCrane\Dropbox\personal\Lambeth Archives\220825_Exhibition Lambeth Archives 2208\Exhibition Layouts 220825 Links\10808_DSC_0040A.jpg"
"10813","C:\Users\TomCrane\Dropbox\personal\Lambeth Archives\220825_Exhibition Lambeth Archives 2208\Exhibition Layouts 220823 Folder\Links\10813.jpg","PLAY AREA, CLARENCE AVENUE, CLAPHAM PARK","https://boroughphotos.org/lambeth//?p=42717","C:\Users\TomCrane\Dropbox\personal\Lambeth Archives\220825_Exhibition Lambeth Archives 2208\Exhibition Layouts 220825 Links\10813_DSC_0043_1A.jpg"
"10883","C:\Users\TomCrane\Dropbox\personal\Lambeth Archives\220825_Exhibition Lambeth Archives 2208\Exhibition Layouts 220823 Folder\Links\10883.jpg","GRANTHAM ROAD, STOCKWELL","https://boroughphotos.org/lambeth//?p=42787","C:\Users\TomCrane\Dropbox\personal\Lambeth Archives\220825_Exhibition Lambeth Archives 2208\Exhibition Layouts 220825 Links\10883_DSC_0026A.jpg"
"10906","C:\Users\TomCrane\Dropbox\personal\Lambeth Archives\220825_Exhibition Lambeth Archives 2208\Exhibition Layouts 220823 Folder\Links\10906.jpg","HURST STREET, HERNE HILL","https://boroughphotos.org/lambeth//?p=42810","C:\Users\TomCrane\Dropbox\personal\Lambeth Archives\220825_Exhibition Lambeth Archives 2208\Exhibition Layouts 220825 Links\10906_DSC_0094A copy.jpg"
"10907","C:\Users\TomCrane\Dropbox\personal\Lambeth Archives\220825_Exhibition Lambeth Archives 2208\Exhibition Layouts 220823 Folder\Links\10907.jpg","HURST STREET, HERNE HILL","https://boroughphotos.org/lambeth//?p=42811","C:\Users\TomCrane\Dropbox\personal\Lambeth Archives\220825_Exhibition Lambeth Archives 2208\Exhibition Layouts 220825 Links\10907_DSC_0096A copy.jpg"
"10932","C:\Users\TomCrane\Dropbox\personal\Lambeth Archives\220825_Exhibition Lambeth Archives 2208\Exhibition Layouts 220823 Folder\Links\10932.jpg","MOORLANDS ESTATE, LOUGHBOROUGH PARK, LOUGHBOROUGH JUNCTION","https://boroughphotos.org/lambeth//?p=42836","C:\Users\TomCrane\Dropbox\personal\Lambeth Archives\220825_Exhibition Lambeth Archives 2208\Exhibition Layouts 220825 Links\10932_DSC_0019_2A.jpg"
"10935","C:\Users\TomCrane\Dropbox\personal\Lambeth Archives\220825_Exhibition Lambeth Archives 2208\Exhibition Layouts 220823 Folder\Links\10935.jpg","MOORLANDS ESTATE, LOUGHBOROUGH PARK, LOUGHBOROUGH JUNCTION","https://boroughphotos.org/lambeth//?p=42839","C:\Users\TomCrane\Dropbox\personal\Lambeth Archives\220825_Exhibition Lambeth Archives 2208\Exhibition Layouts 220825 Links\10935_DSC_0015.JPG"
"10937","C:\Users\TomCrane\Dropbox\personal\Lambeth Archives\220825_Exhibition Lambeth Archives 2208\Exhibition Layouts 220823 Folder\Links\10937.jpg","MOORLANDS ESTATE, LOUGHBOROUGH JUNCTION","https://boroughphotos.org/lambeth//?p=42841","C:\Users\TomCrane\Dropbox\personal\Lambeth Archives\220825_Exhibition Lambeth Archives 2208\Exhibition Layouts 220825 Links\10937_DSC_0007A.jpg"
"10957","C:\Users\TomCrane\Dropbox\personal\Lambeth Archives\220825_Exhibition Lambeth Archives 2208\Exhibition Layouts 220823 Folder\Links\10957.jpg","MYATTS FIELDS ESTATE BOILER HOUSE, AKERMAN RD, BRIXTON NORTH","https://boroughphotos.org/lambeth//?p=42861","C:\Users\TomCrane\Dropbox\personal\Lambeth Archives\220825_Exhibition Lambeth Archives 2208\Exhibition Layouts 220825 Links\10957_myatts-field-case-study-4_1920x1080 boiler house now.jpg"
"10958","C:\Users\TomCrane\Dropbox\personal\Lambeth Archives\220825_Exhibition Lambeth Archives 2208\Exhibition Layouts 220823 Folder\Links\10958.jpg","MYATTS FIELDS ESTATE BOILER HOUSE, AKERMAN RD, BRIXTON NORTH","https://boroughphotos.org/lambeth//?p=42862","C:\Users\TomCrane\Dropbox\personal\Lambeth Archives\220825_Exhibition Lambeth Archives 2208\Exhibition Layouts 220825 Links\10958_DSC_0002_1.JPG"
"10993","C:\Users\TomCrane\Dropbox\personal\Lambeth Archives\220825_Exhibition Lambeth Archives 2208\Exhibition Layouts 220823 Folder\Links\10993.jpg","STOCKWELL PARK ESTATE, BRIXTON","https://boroughphotos.org/lambeth//?p=42897","C:\Users\TomCrane\Dropbox\personal\Lambeth Archives\220825_Exhibition Lambeth Archives 2208\Exhibition Layouts 220825 Links\10993_DSC_0049.JPG"
"11002","C:\Users\TomCrane\Dropbox\personal\Lambeth Archives\220825_Exhibition Lambeth Archives 2208\Exhibition Layouts 220823 Folder\Links\11002.jpg","CROSBY WALK, TULSE HILL","https://boroughphotos.org/lambeth//?p=42906","C:\Users\TomCrane\Dropbox\personal\Lambeth Archives\220825_Exhibition Lambeth Archives 2208\Exhibition Layouts 220825 Links\11002_DSC_0062B copy.jpg"
"11003","C:\Users\TomCrane\Dropbox\personal\Lambeth Archives\220825_Exhibition Lambeth Archives 2208\Exhibition Layouts 220823 Folder\Links\11003.jpg","CHILDREN’S CENTRE, TULSE HILL","https://boroughphotos.org/lambeth//?p=42907","C:\Users\TomCrane\Dropbox\personal\Lambeth Archives\220825_Exhibition Lambeth Archives 2208\Exhibition Layouts 220825 Links\11003_DSC_0055.JPG"
"12234","C:\Users\TomCrane\Dropbox\personal\Lambeth Archives\220825_Exhibition Lambeth Archives 2208\Exhibition Layouts 220823 Folder\Links\12234.jpg","CENTRAL HILL ESTATE, UPPER NORWOOD","https://boroughphotos.org/lambeth//?p=44126","C:\Users\TomCrane\Dropbox\personal\Lambeth Archives\220825_Exhibition Lambeth Archives 2208\Exhibition Layouts 220825 Links\12234_DSC_0010A.jpg"
"13113","C:\Users\TomCrane\Dropbox\personal\Lambeth Archives\220825_Exhibition Lambeth Archives 2208\Exhibition Layouts 220823 Folder\Links\13113.jpg","SOUTHWYCK HOUSE, MOORLANDS ESTATE, BRIXTON","https://boroughphotos.org/lambeth//?p=45001","C:\Users\TomCrane\Dropbox\personal\Lambeth Archives\220825_Exhibition Lambeth Archives 2208\Exhibition Layouts 220825 Links\13113_DSC_0006A.jpg"
"13922","C:\Users\TomCrane\Dropbox\personal\Lambeth Archives\220825_Exhibition Lambeth Archives 2208\Exhibition Layouts 220823 Folder\Links\13922.jpg","MYATT’S FIELDS PHASE B HOUSING, AKERMAN ROAD, BRIXTON NORTH","https://boroughphotos.org/lambeth//?p=47322","C:\Users\TomCrane\Dropbox\personal\Lambeth Archives\220825_Exhibition Lambeth Archives 2208\Exhibition Layouts 220825 Links\13922_DSC_0008.JPG"
"14232","C:\Users\TomCrane\Dropbox\personal\Lambeth Archives\220825_Exhibition Lambeth Archives 2208\Exhibition Layouts 220823 Folder\Links\14232.jpg","MYATT’S FIELDS ESTATE, BRIXTON NORTH","https://boroughphotos.org/lambeth//?p=52399","C:\Users\TomCrane\Dropbox\personal\Lambeth Archives\220825_Exhibition Lambeth Archives 2208\Exhibition Layouts 220825 Links\14232_DSC_0034.JPG"
"14234","C:\Users\TomCrane\Dropbox\personal\Lambeth Archives\220825_Exhibition Lambeth Archives 2208\Exhibition Layouts 220823 Folder\Links\14234.jpg","MYATT’S FIELD SOUTH, MOSTYN ROAD, BRIXTON NORTH","https://boroughphotos.org/lambeth//?p=52401","C:\Users\TomCrane\Dropbox\personal\Lambeth Archives\220825_Exhibition Lambeth Archives 2208\Exhibition Layouts 220825 Links\14234_DSC_0037A.jpg"
"14369","C:\Users\TomCrane\Dropbox\personal\Lambeth Archives\220825_Exhibition Lambeth Archives 2208\Exhibition Layouts 220823 Folder\Links\14369.jpg","CRESSINGHAM GARDENS ESTATE, TULSE HILL","https://boroughphotos.org/lambeth//?p=52810","C:\Users\TomCrane\Dropbox\personal\Lambeth Archives\220825_Exhibition Lambeth Archives 2208\Exhibition Layouts 220825 Links\14369_DSC_0057A.jpg"
"05036","C:\Users\TomCrane\Dropbox\personal\Lambeth Archives\220825_Exhibition Lambeth Archives 2208\Exhibition Layouts 220823 Folder\Links\05036.jpg","BLENHEIM GARDENS ESTATE DEVELOPMENT, BRIXTON HILL","https://boroughphotos.org/lambeth//?p=36999","None"
"10737","C:\Users\TomCrane\Dropbox\personal\Lambeth Archives\220825_Exhibition Lambeth Archives 2208\Exhibition Layouts 220823 Folder\Links\10737.jpg","EDRICH HOUSE MODEL, BINFIELD ROAD, STOCKWELL","https://boroughphotos.org/lambeth//?p=42641","None"
"10743","C:\Users\TomCrane\Dropbox\personal\Lambeth Archives\220825_Exhibition Lambeth Archives 2208\Exhibition Layouts 220823 Folder\Links\10743.jpg","BLENHEIM GARDENS MODEL, BRIXTON","https://boroughphotos.org/lambeth//?p=42647","None"
"10745","C:\Users\TomCrane\Dropbox\personal\Lambeth Archives\220825_Exhibition Lambeth Archives 2208\Exhibition Layouts 220823 Folder\Links\10745.jpg","BLENHEIM GARDENS, BRIXTON","https://boroughphotos.org/lambeth//?p=42649","None"
"10747","C:\Users\TomCrane\Dropbox\personal\Lambeth Archives\220825_Exhibition Lambeth Archives 2208\Exhibition Layouts 220823 Folder\Links\10747.jpg","BLENHEIM GARDENS, BRIXTON","https://boroughphotos.org/lambeth//?p=42651","None"
"10757","C:\Users\TomCrane\Dropbox\personal\Lambeth Archives\220825_Exhibition Lambeth Archives 2208\Exhibition Layouts 220823 Folder\Links\10757.jpg","DISABLED HOUSING, BLENHEIM GARDENS ESTATE, BRIXTON HILL","https://boroughphotos.org/lambeth//?p=42661","None"
"10758","C:\Users\TomCrane\Dropbox\personal\Lambeth Archives\220825_Exhibition Lambeth Archives 2208\Exhibition Layouts 220823 Folder\Links\10758.jpg","BLENHEIM GARDENS ESTATE, BRIXTON HILL","https://boroughphotos.org/lambeth//?p=42662","None"
"10806","C:\Users\TomCrane\Dropbox\personal\Lambeth Archives\220825_Exhibition Lambeth Archives 2208\Exhibition Layouts 220823 Folder\Links\10806.jpg","CLARENCE AVENUE TOWER BLOCK MODEL, CLAPHAM PARK","https://boroughphotos.org/lambeth//?p=42710","None"
"10884","C:\Users\TomCrane\Dropbox\personal\Lambeth Archives\220825_Exhibition Lambeth Archives 2208\Exhibition Layouts 220823 Folder\Links\10884.jpg","INTERIOR, GRANTHAM ROAD ESTATE, STOCKWELL","https://boroughphotos.org/lambeth//?p=42788","None"
"10956","C:\Users\TomCrane\Dropbox\personal\Lambeth Archives\220825_Exhibition Lambeth Archives 2208\Exhibition Layouts 220823 Folder\Links\10956.jpg","MYATT’S FIELDS NORTH ESTATE PROPOSAL, BRIXTON NORTH","https://boroughphotos.org/lambeth//?p=42860","None"
"14239","C:\Users\TomCrane\Dropbox\personal\Lambeth Archives\220825_Exhibition Lambeth Archives 2208\Exhibition Layouts 220823 Folder\Links\14239.jpg","MODEL OF STOCKWELL ESTATE, STOCKWELL/ BRIXTON","https://boroughphotos.org/lambeth//?p=52406","None"
"14311","C:\Users\TomCrane\Dropbox\personal\Lambeth Archives\220825_Exhibition Lambeth Archives 2208\Exhibition Layouts 220823 Folder\Links\14311.jpg","LAMBETH ARCHITECTS’ EXHIBITION, FESTIVAL HALL, SOUTH BANK","https://boroughphotos.org/lambeth//?p=52734","None"
